from,to
November 19 2015,November 25 2015
June 27 2013,July 03 2013
July 04 2013,July 10 2013
October 24 2013,October 30 2013
October 10 2013,October 16 2013
April 16 2015,April 22 2015
March 19 2015,March 25 2015
December 26 2013,January 01 2014
August 06 2015,August 12 2015
January 15 2015,January 21 2015
December 05 2013,December 11 2013
January 07 2016,January 13 2016
January 09 2014,January 15 2014
August 13 2015,August 19 2015
May 08 2014,May 14 2014
September 17 2015,September 23 2015
October 31 2013,November 06 2013
December 25 2014,December 31 2014
March 05 2015,March 11 2015
July 31 2014,August 06 2014
May 23 2013,May 29 2013
January 21 2016,January 27 2016
March 20 2014,March 26 2014
July 02 2015,July 08 2015
October 17 2013,October 23 2013
May 29 2014,June 04 2014
September 03 2015,September 09 2015
April 24 2014,April 30 2014
June 11 2015,June 17 2015
January 02 2014,January 08 2014
October 02 2013,October 08 2013
November 28 2013,December 04 2013
October 23 2014,October 29 2014
May 09 2013,May 15 2013
November 07 2013,November 13 2013
January 29 2015,February 04 2015
November 12 2015,November 18 2015
January 30 2014,February 05 2014
May 07 2015,May 13 2015
June 13 2013,June 19 2013
November 26 2015,December 02 2015
June 26 2014,July 02 2014
September 25 2014,October 01 2014
March 03 2016,March 09 2016
November 13 2014,November 19 2014
December 19 2013,December 25 2013
January 08 2015,January 14 2015
November 21 2013,November 27 2013
October 08 2015,October 14 2015
August 7 2014,August 13 2014
December 18 2014,December 24 2014
April 23 2015,April 29 2015
August 01 2013,August 07 2013
May 28 2015,June 03 2015
June 05 2014,June 11 2014
May 21 2015,May 27 2015
March 06 2014,March 12 2014
October 09 2014,October 15 2014
May 22 2014,May 28 2014
December 04 2014,December 10 2014
July 16 2015,July 22 2015
February 11 2016,February 17 2016
November 27 2014,December 03 2014
March 26 2015,April 01 2015
April 25 2013,May 01 2013
December 10 2015,December 16 2015
July 10 2014,July 16 2014
February 27 2014,March 05 2014
June 18 2015,June 24 2015
January 23 2014,January 29 2014
February 20 2014,February 26 2014
October 15 2015,October 21 2015
June 19 2014,June 25 2014
February 04 2016,February 10 2016
April 30 2015,May 06 2015
February 12 2015,February 18 2015
January 14 2016,January 20 2016
February 06 2014,February 12 2014
January 16 2014,January 22 2014
March 12 2015,March 18 2015
July 18 2013,July 24 2013
August 22 2013,August 28 2013
September 24 2015,September 30 2015
July 25 2013,July 31 2013
September 05 2013,September 11 2013
November 05 2015,November 11 2015
February 25 2016,March 02 2016
March 13 2014,March 19 2014
March 24 2016,March 30 2016
July 09 2015,July 15 2015
December 17 2015,December 23 2015
August 20 2015,August 26 2015
March 17 2016,March 23 2016
April 02 2015,April 08 2015
December 03 2015,December 09 2015
May 01 2014,May 07 2014
July 03 2014,July 09 2014
January 22 2015,January 28 2015
October 22 2015,October 28 2015
September 10 2015,September 16 2015
February 19 2015,February 25 2015
September 12 2013,September 18 2013
May 16 2013,May 22 2013
February 26 2015,March 04 2015
November 14 2013,November 20 2013
September 04 2014,September 10 2014
November 20 2014,November 26 2014
August 29 2013,September 4 2013
August 08 2013,August 14 2013
August 27 2015,September 02 2015
July 30 2015,August 05 2015
January 28 2016,February 03 2016
May 30 2013,June 05 2013
May 14 2015,May 20 2015
October 01 2015,October 07 2015
July 11 2013,July 17 2013
March 27 2014,April 02 2014
June 25 2015,July 01 2015
October 29 2015,November 04 2015
June 06 2013,June 12 2013
April 09 2015,April 15 2015
September 26 2013,October 02 2013
April 7 2016,April 13 2016
September 18 2014,September 24 2014
December 11 2014,December 17 2014
June 20 2013,June 26 2013
February 18 2016,February 24 2016
September 19 2013,September 25 2013
December 31 2015,January 06 2016
October 02 2014,October 08 2014
August 21 2014,August 27 2014
February 13 2014,February 19 2014
August 15 2013,August 21 2013
August 28 2014,September 03 2014
October 30 2014,November 05 2014
June 04 2015,June 10 2015
March 10 2016,March 16 2016
July 23 2015,July 29 2015
January 01 2015,January 07 2015
December 24 2015,December 30 2015
July 24 2014,July 30 2014
April 10 2014,April 16 2014
